                  epoch,         train/box_loss,         train/cls_loss,         train/dfl_loss,   metrics/precision(B),      metrics/recall(B),       metrics/mAP50(B),    metrics/mAP50-95(B),           val/box_loss,           val/cls_loss,           val/dfl_loss,                 lr/pg0,                 lr/pg1,                 lr/pg2
                      1,                  1.323,                 3.4919,                  1.394,                0.20643,                0.36217,                0.21002,                0.11528,                 1.3885,                 2.4686,                 1.3452,              0.0033183,              0.0033183,              0.0033183
                      2,                 1.3543,                 2.2647,                 1.4284,                0.42221,                0.36694,                0.34632,                 0.1896,                 1.4453,                 2.0827,                   1.38,              0.0066077,              0.0066077,              0.0066077
                      3,                 1.3671,                  2.068,                 1.4362,                0.34437,                0.27844,                0.25664,                0.12841,                 1.6112,                 2.6686,                  1.501,              0.0098531,              0.0098531,              0.0098531
                      4,                  1.424,                  2.136,                 1.4601,                0.38107,                0.29806,                0.27737,                0.13341,                 1.7621,                 2.5278,                 1.6506,               0.009802,               0.009802,               0.009802
                      5,                 1.3954,                 2.0422,                 1.4366,                0.28131,                0.29345,                0.19147,                 0.0902,                 1.7862,                 2.9178,                 1.7444,               0.009736,               0.009736,               0.009736
                      6,                 1.3583,                 1.9632,                 1.4141,                0.43392,                0.36102,                0.31967,                0.16149,                 1.5853,                 2.4423,                 1.4459,                0.00967,                0.00967,                0.00967
                      7,                 1.3378,                 1.8883,                 1.4014,                0.47988,                0.30351,                0.30229,                0.16686,                 1.5374,                 2.8657,                 1.4032,               0.009604,               0.009604,               0.009604
                      8,                  1.304,                 1.8211,                 1.3829,                0.51223,                 0.3499,                0.37994,                0.21775,                 1.5627,                 2.2136,                 1.4133,               0.009538,               0.009538,               0.009538
                      9,                 1.2987,                 1.7649,                 1.3672,                0.56969,                0.47859,                0.49528,                0.28619,                 1.4728,                 1.8487,                 1.3888,               0.009472,               0.009472,               0.009472
                     10,                 1.2812,                 1.7341,                 1.3676,                0.57996,                0.51239,                0.53456,                0.31868,                 1.3858,                 1.7372,                 1.3519,               0.009406,               0.009406,               0.009406
                     11,                 1.2653,                 1.6836,                 1.3567,                0.58423,                0.52669,                0.55281,                0.34198,                 1.3399,                 1.6452,                 1.2912,                0.00934,                0.00934,                0.00934
                     12,                 1.2517,                 1.6613,                 1.3482,                0.61665,                0.43712,                0.50149,                0.29537,                 1.5092,                 1.7911,                 1.3827,               0.009274,               0.009274,               0.009274
                     13,                 1.2461,                  1.618,                 1.3445,                0.62522,                0.53303,                0.56958,                0.35196,                 1.3581,                 1.5974,                 1.3051,               0.009208,               0.009208,               0.009208
                     14,                  1.233,                 1.5972,                 1.3402,                0.67931,                0.55998,                0.62405,                0.37933,                 1.3474,                 1.3869,                 1.2846,               0.009142,               0.009142,               0.009142
                     15,                 1.2283,                 1.5637,                 1.3337,                 0.6775,                0.56019,                0.61487,                0.38854,                 1.3064,                  1.414,                 1.2494,               0.009076,               0.009076,               0.009076
                     16,                 1.2147,                 1.5297,                 1.3251,                0.63531,                0.50829,                0.55383,                0.33224,                 1.4429,                 1.5454,                  1.316,                0.00901,                0.00901,                0.00901
                     17,                 1.2161,                 1.5125,                 1.3231,                 0.6694,                 0.5899,                0.61427,                0.38995,                 1.2996,                 1.3864,                 1.2245,               0.008944,               0.008944,               0.008944
                     18,                 1.1925,                 1.4912,                 1.3141,                0.64644,                0.59606,                0.63488,                0.39792,                 1.3557,                 1.3197,                 1.2584,               0.008878,               0.008878,               0.008878
                     19,                 1.1825,                 1.4656,                 1.3082,                0.70993,                0.56036,                0.63173,                0.39627,                  1.304,                 1.3495,                 1.2545,               0.008812,               0.008812,               0.008812
                     20,                 1.1837,                 1.4584,                 1.3099,                0.73266,                0.60894,                0.67092,                0.41166,                 1.3671,                 1.2673,                 1.2767,               0.008746,               0.008746,               0.008746
                     21,                 1.1693,                 1.4326,                 1.3032,                0.73012,                0.58488,                0.66828,                0.42144,                 1.2831,                 1.2578,                 1.2091,                0.00868,                0.00868,                0.00868
                     22,                 1.1743,                 1.4238,                 1.3029,                0.72679,                0.62081,                0.68877,                0.44258,                 1.2686,                 1.1951,                 1.2271,               0.008614,               0.008614,               0.008614
                     23,                 1.1508,                 1.4062,                 1.2908,                0.65491,                 0.5907,                 0.6232,                 0.3892,                 1.2876,                 1.3605,                 1.2375,               0.008548,               0.008548,               0.008548
                     24,                 1.1493,                 1.3989,                 1.2905,                0.75265,                0.63582,                0.70408,                0.44753,                 1.2757,                 1.1521,                 1.2296,               0.008482,               0.008482,               0.008482
                     25,                 1.1568,                 1.3766,                 1.2941,                0.71903,                0.62832,                0.69628,                0.44672,                 1.2339,                  1.152,                 1.2172,               0.008416,               0.008416,               0.008416
                     26,                 1.1425,                 1.3536,                 1.2894,                0.70941,                0.60839,                0.65228,                0.42128,                 1.2531,                 1.2848,                 1.2176,                0.00835,                0.00835,                0.00835
                     27,                 1.1417,                 1.3363,                 1.2865,                0.77924,                0.65409,                0.74023,                0.48217,                 1.2188,                 1.0818,                 1.1746,               0.008284,               0.008284,               0.008284
                     28,                 1.1303,                 1.3187,                  1.279,                 0.7536,                0.62883,                0.69874,                0.45018,                 1.2519,                 1.1771,                 1.1962,               0.008218,               0.008218,               0.008218
                     29,                 1.1312,                 1.3248,                   1.28,                0.65829,                0.63988,                 0.6716,                0.42962,                  1.245,                 1.1702,                 1.2135,               0.008152,               0.008152,               0.008152
                     30,                 1.1321,                 1.3111,                 1.2779,                0.74711,                0.64771,                0.70989,                0.46383,                 1.2361,                  1.112,                 1.1957,               0.008086,               0.008086,               0.008086
                     31,                 1.1187,                 1.2889,                 1.2744,                 0.7775,                0.60178,                0.69689,                0.43942,                 1.2887,                 1.1638,                 1.2264,                0.00802,                0.00802,                0.00802
                     32,                 1.1128,                  1.264,                 1.2641,                 0.7695,                0.64736,                0.71413,                 0.4741,                 1.2013,                 1.1075,                  1.181,               0.007954,               0.007954,               0.007954
                     33,                 1.1178,                 1.2856,                 1.2734,                0.77463,                0.65064,                0.72724,                0.47885,                 1.1964,                  1.069,                 1.1704,               0.007888,               0.007888,               0.007888
                     34,                 1.1049,                 1.2671,                 1.2631,                0.76161,                0.65774,                0.72057,                0.46805,                 1.2326,                 1.0915,                 1.1983,               0.007822,               0.007822,               0.007822
                     35,                 1.0987,                 1.2445,                  1.258,                0.75375,                0.67829,                0.74225,                0.47102,                 1.2506,                 1.0596,                 1.2132,               0.007756,               0.007756,               0.007756
                     36,                 1.1068,                 1.2401,                 1.2621,                0.73782,                0.65684,                0.71798,                0.47993,                 1.1866,                 1.0861,                 1.1702,                0.00769,                0.00769,                0.00769
                     37,                 1.0886,                 1.2306,                 1.2552,                0.78487,                0.68656,                0.74283,                0.49556,                 1.1758,                  1.027,                 1.1627,               0.007624,               0.007624,               0.007624
                     38,                 1.1001,                 1.2191,                 1.2601,                0.80261,                0.64299,                0.72735,                0.48178,                 1.1978,                 1.0647,                 1.1721,               0.007558,               0.007558,               0.007558
                     39,                 1.0841,                 1.2047,                 1.2537,                0.78593,                0.67802,                0.74763,                0.48914,                 1.2195,                 1.0339,                 1.1866,               0.007492,               0.007492,               0.007492
                     40,                 1.0854,                  1.194,                 1.2485,                0.75309,                0.63108,                0.71527,                 0.4827,                 1.1801,                 1.0421,                 1.1555,               0.007426,               0.007426,               0.007426
                     41,                 1.0786,                 1.1865,                 1.2482,                0.80819,                0.65006,                 0.7463,                0.49719,                 1.1916,                0.98862,                 1.1683,                0.00736,                0.00736,                0.00736
                     42,                 1.0806,                 1.1855,                 1.2493,                0.75788,                0.64301,                0.70489,                0.46934,                  1.194,                 1.1044,                 1.1721,               0.007294,               0.007294,               0.007294
                     43,                 1.0752,                 1.1753,                 1.2457,                0.78856,                0.67357,                0.74596,                0.49815,                 1.1671,                 1.0136,                 1.1608,               0.007228,               0.007228,               0.007228
                     44,                 1.0724,                 1.1679,                 1.2437,                0.79543,                0.68905,                0.75066,                0.50013,                 1.1956,                0.99269,                 1.1688,               0.007162,               0.007162,               0.007162
                     45,                 1.0661,                 1.1436,                 1.2383,                0.80762,                0.64376,                0.73822,                 0.4875,                  1.216,                 1.0136,                 1.1946,               0.007096,               0.007096,               0.007096
                     46,                 1.0612,                 1.1529,                 1.2353,                0.79415,                0.66373,                0.75286,                0.50945,                 1.1701,                0.97812,                 1.1571,                0.00703,                0.00703,                0.00703
                     47,                 1.0564,                  1.141,                 1.2301,                0.80411,                0.67481,                0.75903,                0.51238,                 1.1595,                0.96306,                 1.1404,               0.006964,               0.006964,               0.006964
                     48,                 1.0603,                 1.1443,                 1.2355,                0.79974,                0.68656,                0.75846,                0.51458,                 1.1612,                0.97494,                 1.1514,               0.006898,               0.006898,               0.006898
                     49,                 1.0479,                 1.1384,                 1.2305,                 0.8095,                0.65637,                0.74827,                0.50465,                 1.1664,                0.98834,                 1.1573,               0.006832,               0.006832,               0.006832
                     50,                 1.0502,                 1.1151,                 1.2289,                0.80574,                0.66696,                0.75082,                0.50674,                 1.1795,                0.97759,                 1.1615,               0.006766,               0.006766,               0.006766
                     51,                 1.0371,                 1.1142,                 1.2254,                0.80358,                0.70746,                0.77385,                0.52526,                 1.1395,                0.93166,                 1.1258,                 0.0067,                 0.0067,                 0.0067
                     52,                 1.0359,                 1.0894,                 1.2172,                0.79677,                0.72067,                0.77943,                0.52915,                 1.1713,                0.92105,                 1.1372,               0.006634,               0.006634,               0.006634
                     53,                 1.0357,                 1.0909,                 1.2207,                0.81933,                0.68431,                0.75564,                0.51605,                 1.1524,                0.95005,                 1.1379,               0.006568,               0.006568,               0.006568
                     54,                 1.0315,                 1.0852,                 1.2162,                0.78485,                0.72215,                0.77896,                0.53404,                 1.1502,                0.89654,                 1.1215,               0.006502,               0.006502,               0.006502
                     55,                 1.0362,                 1.0946,                 1.2224,                0.84905,                0.68342,                 0.7742,                 0.5315,                 1.1329,                0.91122,                 1.1196,               0.006436,               0.006436,               0.006436
                     56,                 1.0327,                 1.0741,                 1.2173,                0.83634,                0.68177,                0.76706,                0.51954,                 1.1369,                0.93344,                   1.13,                0.00637,                0.00637,                0.00637
                     57,                 1.0333,                 1.0784,                 1.2157,                0.78336,                0.69242,                0.75684,                0.52055,                 1.1418,                0.96259,                 1.1338,               0.006304,               0.006304,               0.006304
                     58,                  1.028,                 1.0782,                 1.2168,                0.85163,                0.66423,                0.76811,                0.52327,                 1.1563,                0.93532,                 1.1399,               0.006238,               0.006238,               0.006238
                     59,                 1.0207,                  1.058,                 1.2143,                0.81458,                0.69796,                 0.7714,                0.52688,                 1.1454,                0.92546,                 1.1359,               0.006172,               0.006172,               0.006172
                     60,                 1.0207,                 1.0573,                 1.2089,                0.81145,                0.69596,                0.77517,                0.53333,                 1.1391,                0.91903,                 1.1279,               0.006106,               0.006106,               0.006106
                     61,                 1.0143,                 1.0487,                 1.2078,                0.82921,                 0.6816,                0.76973,                0.52844,                 1.1304,                0.90788,                  1.127,                0.00604,                0.00604,                0.00604
                     62,                 1.0073,                 1.0518,                   1.21,                0.85379,                0.68333,                0.77567,                0.54581,                 1.1114,                0.89931,                 1.1141,               0.005974,               0.005974,               0.005974
                     63,                 1.0102,                 1.0385,                 1.2088,                0.81446,                0.70273,                0.78332,                0.53947,                  1.127,                0.90763,                 1.1258,               0.005908,               0.005908,               0.005908
                     64,                 1.0064,                  1.024,                 1.2046,                0.80827,                 0.7297,                0.79086,                0.54633,                 1.1193,                 0.8805,                 1.1103,               0.005842,               0.005842,               0.005842
                     65,                 1.0075,                 1.0281,                 1.2007,                0.84427,                0.70268,                0.78771,                0.54262,                 1.1264,                0.88612,                  1.112,               0.005776,               0.005776,               0.005776
                     66,                 1.0068,                 1.0326,                 1.2035,                0.81187,                0.71205,                0.77101,                0.53402,                 1.1144,                  0.923,                 1.1079,                0.00571,                0.00571,                0.00571
                     67,                 1.0019,                 1.0247,                 1.1998,                0.81966,                0.72056,                0.78306,                0.54128,                 1.1183,                0.90292,                 1.1153,               0.005644,               0.005644,               0.005644
                     68,                0.99472,                 1.0197,                 1.1999,                0.84687,                0.69538,                0.77632,                0.54045,                 1.1158,                0.92051,                 1.1141,               0.005578,               0.005578,               0.005578
                     69,                0.99691,                 1.0046,                 1.1952,                0.83413,                 0.7083,                 0.7812,                0.54082,                 1.1116,                0.90702,                 1.1103,               0.005512,               0.005512,               0.005512
                     70,                0.99046,                0.99797,                 1.1933,                0.84616,                0.71061,                0.78276,                0.54127,                 1.1273,                0.89439,                 1.1227,               0.005446,               0.005446,               0.005446
                     71,                0.98651,                 1.0031,                 1.1935,                0.83524,                0.72483,                0.78866,                0.55166,                 1.1068,                0.87105,                 1.1154,                0.00538,                0.00538,                0.00538
                     72,                0.98575,                0.98574,                 1.1911,                0.82021,                0.72966,                0.79061,                0.55285,                 1.1067,                0.86376,                 1.1139,               0.005314,               0.005314,               0.005314
                     73,                0.98734,                0.99423,                 1.1932,                0.81975,                0.72978,                 0.7925,                0.55155,                 1.1119,                 0.8702,                 1.1077,               0.005248,               0.005248,               0.005248
                     74,                0.97523,                0.97785,                  1.187,                0.83314,                0.72527,                0.78995,                0.55275,                 1.1072,                0.85867,                 1.1114,               0.005182,               0.005182,               0.005182
                     75,                0.98762,                0.98915,                 1.1941,                0.83638,                 0.7134,                0.79282,                0.55204,                 1.1129,                0.85109,                 1.1166,               0.005116,               0.005116,               0.005116
                     76,                0.97966,                 0.9871,                 1.1921,                0.82812,                0.72551,                 0.7933,                0.55163,                 1.0983,                0.85501,                 1.1123,                0.00505,                0.00505,                0.00505
                     77,                0.96294,                0.96878,                 1.1842,                  0.841,                0.69497,                0.78261,                 0.5477,                 1.1041,                0.86165,                 1.1134,               0.004984,               0.004984,               0.004984
                     78,                0.97338,                0.96358,                 1.1868,                0.85859,                 0.6985,                0.79568,                0.55621,                 1.1122,                0.84524,                 1.1156,               0.004918,               0.004918,               0.004918
                     79,                0.97804,                0.97006,                 1.1869,                0.85325,                0.70346,                0.78946,                0.55085,                 1.1145,                0.86397,                 1.1163,               0.004852,               0.004852,               0.004852
                     80,                0.97058,                 0.9595,                 1.1824,                0.84281,                0.70761,                0.79102,                0.55139,                 1.1074,                0.85238,                 1.1124,               0.004786,               0.004786,               0.004786
                     81,                0.96158,                0.94425,                 1.1781,                0.84529,                0.72636,                0.80267,                0.55927,                 1.1101,                0.84692,                 1.1125,                0.00472,                0.00472,                0.00472
                     82,                0.97102,                0.94428,                 1.1824,                0.84735,                0.72106,                0.79948,                0.55652,                 1.1088,                0.84077,                 1.1047,               0.004654,               0.004654,               0.004654
                     83,                0.95864,                0.93529,                 1.1755,                 0.8602,                0.70216,                0.79914,                0.55288,                 1.1131,                0.83815,                 1.1117,               0.004588,               0.004588,               0.004588
                     84,                0.96156,                0.94686,                 1.1809,                0.83616,                0.73014,                0.79518,                 0.5527,                 1.1206,                0.84454,                 1.1202,               0.004522,               0.004522,               0.004522
                     85,                0.94515,                0.92981,                 1.1753,                0.84096,                0.71776,                0.78987,                 0.5504,                 1.1238,                0.85495,                 1.1241,               0.004456,               0.004456,               0.004456
                     86,                0.97073,                0.93961,                 1.1764,                0.81725,                0.74173,                0.79281,                0.55006,                 1.1255,                0.84601,                 1.1215,                0.00439,                0.00439,                0.00439
                     87,                0.94846,                0.92496,                 1.1696,                0.84993,                0.71471,                0.79595,                0.55693,                 1.1274,                0.83757,                 1.1205,               0.004324,               0.004324,               0.004324
                     88,                0.93878,                0.92595,                 1.1672,                0.85374,                0.71001,                0.79822,                0.56044,                  1.122,                0.83369,                 1.1151,               0.004258,               0.004258,               0.004258
                     89,                0.94748,                0.91714,                 1.1678,                0.84054,                0.72513,                0.80135,                0.56358,                 1.1131,                0.83332,                 1.1107,               0.004192,               0.004192,               0.004192
                     90,                0.94832,                0.91704,                 1.1682,                0.82752,                0.73207,                0.80359,                0.56724,                 1.1089,                0.82581,                 1.1147,               0.004126,               0.004126,               0.004126
                     91,                0.93403,                0.90522,                 1.1628,                0.85163,                0.71956,                0.80406,                0.56429,                 1.1154,                0.83146,                 1.1174,                0.00406,                0.00406,                0.00406
                     92,                0.94142,                0.90764,                  1.167,                0.81896,                0.74324,                0.80526,                0.56776,                 1.1083,                0.82792,                 1.1121,               0.003994,               0.003994,               0.003994
                     93,                0.93594,                0.90765,                 1.1653,                0.83345,                0.72779,                0.80331,                0.56786,                 1.1026,                0.82619,                 1.1097,               0.003928,               0.003928,               0.003928
                     94,                 0.9335,                0.89264,                 1.1634,                0.84719,                0.71844,                0.80372,                0.56695,                 1.1055,                0.82709,                 1.1109,               0.003862,               0.003862,               0.003862
                     95,                0.93217,                0.89565,                 1.1652,                0.85188,                0.72021,                0.80077,                0.56486,                 1.1095,                0.82758,                 1.1153,               0.003796,               0.003796,               0.003796
                     96,                0.93511,                0.88349,                  1.161,                0.85028,                0.73117,                 0.8056,                0.56614,                 1.1079,                0.83226,                 1.1156,                0.00373,                0.00373,                0.00373
                     97,                0.92274,                0.87884,                 1.1542,                0.85658,                0.73286,                0.80539,                0.56882,                  1.102,                0.83792,                 1.1122,               0.003664,               0.003664,               0.003664
                     98,                0.91698,                0.86723,                 1.1558,                0.85781,                0.72922,                0.80539,                0.56985,                 1.1009,                0.83044,                 1.1112,               0.003598,               0.003598,               0.003598
                     99,                0.90901,                0.87194,                 1.1498,                0.85588,                0.73287,                0.80882,                0.57207,                 1.1038,                0.82999,                 1.1118,               0.003532,               0.003532,               0.003532
                    100,                0.91627,                 0.8739,                 1.1504,                0.87084,                0.71743,                0.80965,                0.57127,                 1.1078,                0.83088,                 1.1124,               0.003466,               0.003466,               0.003466
                    101,                0.91525,                0.87554,                 1.1535,                0.86492,                0.72254,                0.80643,                0.56534,                 1.1102,                0.82989,                 1.1116,                 0.0034,                 0.0034,                 0.0034
                    102,                0.91133,                 0.8686,                 1.1498,                0.86968,                0.71492,                0.80385,                 0.5648,                 1.1139,                0.83141,                 1.1126,               0.003334,               0.003334,               0.003334
                    103,                0.90536,                0.85991,                  1.148,                0.84064,                0.73381,                0.80231,                 0.5638,                 1.1159,                0.83032,                 1.1155,               0.003268,               0.003268,               0.003268
                    104,                0.91106,                0.85919,                 1.1493,                0.83313,                0.73626,                0.80157,                0.56117,                 1.1181,                0.83667,                 1.1177,               0.003202,               0.003202,               0.003202
                    105,                0.90374,                0.84915,                 1.1485,                 0.8177,                0.74251,                0.79967,                0.56186,                 1.1157,                0.84018,                  1.116,               0.003136,               0.003136,               0.003136
                    106,                0.90222,                0.84963,                 1.1463,                0.84253,                0.73614,                0.80478,                0.56611,                 1.1132,                0.83069,                 1.1135,                0.00307,                0.00307,                0.00307
                    107,                0.91125,                 0.8526,                 1.1489,                0.85022,                0.74775,                0.80966,                 0.5683,                 1.1141,                0.82602,                 1.1136,               0.003004,               0.003004,               0.003004
                    108,                0.89986,                0.84638,                 1.1446,                0.82773,                0.75523,                0.80642,                0.56583,                 1.1183,                0.83063,                 1.1172,               0.002938,               0.002938,               0.002938
                    109,                 0.8947,                0.83336,                 1.1418,                 0.8234,                0.74999,                0.80362,                0.56408,                 1.1212,                0.83574,                 1.1197,               0.002872,               0.002872,               0.002872
                    110,                0.89332,                0.84062,                 1.1406,                0.81833,                0.75277,                0.80612,                0.56442,                 1.1201,                0.83588,                  1.119,               0.002806,               0.002806,               0.002806
                    111,                0.88964,                0.82281,                  1.143,                 0.8212,                0.75248,                0.80536,                0.56493,                 1.1144,                0.83192,                 1.1174,                0.00274,                0.00274,                0.00274
                    112,                0.88716,                0.81959,                 1.1349,                0.82592,                0.74853,                0.80504,                0.56604,                 1.1129,                  0.829,                 1.1168,               0.002674,               0.002674,               0.002674
                    113,                0.88621,                0.82438,                 1.1361,                0.82427,                0.74734,                0.80443,                0.56596,                 1.1137,                0.82531,                 1.1178,               0.002608,               0.002608,               0.002608
                    114,                0.88725,                0.82334,                 1.1375,                0.82483,                0.74569,                0.80585,                0.56561,                 1.1177,                0.83122,                 1.1218,               0.002542,               0.002542,               0.002542
                    115,                0.88108,                0.82077,                 1.1328,                0.82911,                0.74183,                0.80415,                0.56261,                  1.118,                0.83178,                 1.1216,               0.002476,               0.002476,               0.002476
                    116,                0.87278,                 0.8129,                  1.134,                0.83414,                0.74284,                0.80393,                0.56433,                 1.1197,                0.83104,                 1.1233,                0.00241,                0.00241,                0.00241
                    117,                0.87447,                0.81415,                 1.1293,                0.81977,                0.75126,                0.80012,                0.56308,                 1.1203,                0.83188,                  1.125,               0.002344,               0.002344,               0.002344
                    118,                 0.8703,                0.79588,                 1.1275,                0.81726,                0.74757,                0.79999,                0.56315,                 1.1207,                0.83242,                  1.126,               0.002278,               0.002278,               0.002278
                    119,                0.86739,                0.79745,                 1.1312,                0.81465,                0.75063,                0.79972,                0.56294,                  1.121,                0.83255,                 1.1278,               0.002212,               0.002212,               0.002212
                    120,                0.86743,                 0.8089,                 1.1284,                0.82018,                0.74633,                0.80002,                0.56231,                 1.1237,                0.83306,                 1.1303,               0.002146,               0.002146,               0.002146
                    121,                0.86596,                0.78681,                 1.1272,                0.82338,                0.74606,                0.80124,                0.56415,                 1.1214,                 0.8295,                  1.129,                0.00208,                0.00208,                0.00208
                    122,                0.86339,                0.79517,                 1.1238,                0.80424,                0.75854,                0.80202,                0.56401,                 1.1219,                0.82956,                 1.1296,               0.002014,               0.002014,               0.002014
                    123,                0.85973,                0.78896,                 1.1239,                 0.8164,                0.74611,                0.80109,                0.56279,                 1.1192,                0.82583,                 1.1281,               0.001948,               0.001948,               0.001948
                    124,                0.86285,                 0.7993,                 1.1278,                0.81981,                0.74969,                0.80249,                0.56171,                 1.1182,                0.82543,                  1.127,               0.001882,               0.001882,               0.001882
                    125,                0.85137,                0.77661,                 1.1208,                 0.8169,                0.75252,                0.80458,                0.56192,                 1.1192,                0.82488,                 1.1274,               0.001816,               0.001816,               0.001816
                    126,                0.84741,                0.76671,                 1.1159,                0.82197,                0.75015,                0.80511,                0.56235,                 1.1179,                 0.8246,                 1.1256,                0.00175,                0.00175,                0.00175
                    127,                0.84637,                0.77673,                 1.1154,                0.81967,                0.74619,                0.80612,                0.56336,                 1.1201,                0.82203,                 1.1263,               0.001684,               0.001684,               0.001684
                    128,                0.84937,                0.77171,                  1.122,                0.82086,                0.74696,                0.80584,                0.56451,                 1.1205,                0.81819,                 1.1263,               0.001618,               0.001618,               0.001618
                    129,                0.84745,                0.76873,                 1.1193,                0.82211,                0.75166,                0.80706,                0.56604,                 1.1197,                0.81824,                 1.1262,               0.001552,               0.001552,               0.001552
